Query_Index,Rank_001,Rank_002,Rank_003,Rank_004,Rank_005,Rank_006,Rank_007,Rank_008,Rank_009,Rank_010,Rank_011,Rank_012,Rank_013,Rank_014,Rank_015,Rank_016,Rank_017,Rank_018,Rank_019,Rank_020,Rank_021,Rank_022,Rank_023,Rank_024,Rank_025,Rank_026,Rank_027,Rank_028,Rank_029,Rank_030,Rank_031,Rank_032,Rank_033,Rank_034,Rank_035,Rank_036,Rank_037,Rank_038,Rank_039,Rank_040,Rank_041,Rank_042,Rank_043,Rank_044,Rank_045,Rank_046,Rank_047,Rank_048,Rank_049,Rank_050,Rank_051,Rank_052,Rank_053,Rank_054,Rank_055,Rank_056,Rank_057,Rank_058,Rank_059,Rank_060,Rank_061,Rank_062,Rank_063,Rank_064,Rank_065,Rank_066,Rank_067,Rank_068,Rank_069,Rank_070,Rank_071,Rank_072,Rank_073,Rank_074,Rank_075,Rank_076,Rank_077,Rank_078,Rank_079,Rank_080,Rank_081,Rank_082,Rank_083,Rank_084,Rank_085,Rank_086,Rank_087,Rank_088,Rank_089,Rank_090,Rank_091,Rank_092,Rank_093,Rank_094,Rank_095,Rank_096,Rank_097,Rank_098,Rank_099,Rank_100,Rank_101,Rank_102,Rank_103,Rank_104,Rank_105,Rank_106,Rank_107,Rank_108,Rank_109,Rank_110,Rank_111,Rank_112,Rank_113,Rank_114,Rank_115,Rank_116,Rank_117,Rank_118,Rank_119,Rank_120,Rank_121,Rank_122,Rank_123,Rank_124,Rank_125,Rank_126,Rank_127,Rank_128,Rank_129,Rank_130,Rank_131,Rank_132,Rank_133,Rank_134,Rank_135,Rank_136,Rank_137,Rank_138,Rank_139,Rank_140,Rank_141,Rank_142,Rank_143,Rank_144,Rank_145,Rank_146,Rank_147,Rank_148,Rank_149,Rank_150,Rank_151,Rank_152,Rank_153,Rank_154,Rank_155,Rank_156,Rank_157,Rank_158,Rank_159,Rank_160,Rank_161,Rank_162,Rank_163,Rank_164,Rank_165,Rank_166,Rank_167,Rank_168,Rank_169,Rank_170,Rank_171,Rank_172,Rank_173,Rank_174,Rank_175,Rank_176,Rank_177,Rank_178,Rank_179,Rank_180,Rank_181,Rank_182,Rank_183,Rank_184,Rank_185,Rank_186,Rank_187,Rank_188,Rank_189,Rank_190,Rank_191,Rank_192,Rank_193,Rank_194,Rank_195,Rank_196,Rank_197,Rank_198,Rank_199,Rank_200,Rank_201,Rank_202,Rank_203,Rank_204,Rank_205,Rank_206,Rank_207,Rank_208,Rank_209,Rank_210,Rank_211,Rank_212,Rank_213,Rank_214,Rank_215,Rank_216,Rank_217,Rank_218,Rank_219,Rank_220,Rank_221,Rank_222,Rank_223,Rank_224,Rank_225,Rank_226,Rank_227,Rank_228,Rank_229,Rank_230,Rank_231,Rank_232,Rank_233,Rank_234,Rank_235,Rank_236,Rank_237,Rank_238,Rank_239,Rank_240,Rank_241,Rank_242,Rank_243,Rank_244,Rank_245,Rank_246,Rank_247,Rank_248,Rank_249,Rank_250,Rank_251,Rank_252,Rank_253,Rank_254,Rank_255,Rank_256,Rank_257,Rank_258,Rank_259,Rank_260,Rank_261,Rank_262,Rank_263,Rank_264,Rank_265,Rank_266,Rank_267,Rank_268,Rank_269,Rank_270,Rank_271,Rank_272,Rank_273,Rank_274,Rank_275,Rank_276,Rank_277,Rank_278,Rank_279,Rank_280,Rank_281,Rank_282,Rank_283,Rank_284,Rank_285,Rank_286,Rank_287,Rank_288,Rank_289,Rank_290,Rank_291,Rank_292,Rank_293,Rank_294,Rank_295,Rank_296,Rank_297,Rank_298,Rank_299,Rank_300
q_01,news_097956,news_070913,news_043911,news_018631,news_039146,news_069172,news_010712,news_090352,news_051265,news_054326,news_086251,news_078395,news_043508,news_052582,news_085267,news_080382,news_012550,news_064206,news_044906,news_096797,news_005108,news_080062,news_086497,news_059970,news_040479,news_077005,news_057687,news_063896,news_040096,news_058937,news_087672,news_068219,news_026169,news_025105,news_014136,news_028353,news_059067,news_047901,news_043340,news_062017,news_025857,news_073310,news_082188,news_053676,news_062144,news_077170,news_066430,news_080446,news_089090,news_089675,news_069441,news_067285,news_011139,news_000209,news_027873,news_019260,news_006159,news_083076,news_057612,news_085063,news_054474,news_090091,news_078659,news_088621,news_054095,news_078516,news_043851,news_037684,news_055280,news_044561,news_062409,news_096101,news_045484,news_011826,news_098822,news_041594,news_023246,news_042185,news_015440,news_073374,news_040281,news_008001,news_078623,news_007062,news_072355,news_053884,news_052562,news_099293,news_038470,news_083338,news_005933,news_089709,news_035868,news_009319,news_062274,news_060141,news_037179,news_005949,news_055686,news_027198,news_075940,news_061697,news_096207,news_062921,news_093021,news_034411,news_074620,news_065680,news_071115,news_058886,news_014746,news_011675,news_003364,news_094468,news_043701,news_047412,news_009479,news_002029,news_066850,news_031524,news_013048,news_024918,news_018657,news_092091,news_046271,news_093785,news_070206,news_098140,news_023509,news_033861,news_011170,news_025627,news_038620,news_015677,news_055637,news_034044,news_014090,news_042958,news_038014,news_018020,news_039780,news_056858,news_026086,news_051507,news_007629,news_092082,news_042856,news_013738,news_053354,news_092933,news_047958,news_034896,news_027513,news_094731,news_068812,news_058194,news_001791,news_002688,news_031705,news_059249,news_094110,news_002556,news_070474,news_024106,news_099872,news_091513,news_081705,news_000898,news_048627,news_023481,news_046749,news_069222,news_050022,news_064278,news_017138,news_008108,news_069507,news_069415,news_097160,news_044691,news_040775,news_010958,news_033898,news_055185,news_030226,news_048353,news_010030,news_002847,news_059175,news_032402,news_095879,news_058734,news_003421,news_062076,news_075832,news_025023,news_047792,news_065613,news_094511,news_004697,news_089200,news_092155,news_030803,news_025430,news_046423,news_076006,news_014442,news_044704,news_073716,news_061498,news_066406,news_028187,news_028488,news_001348,news_044637,news_087204,news_087689,news_025936,news_006391,news_057281,news_029940,news_024087,news_021292,news_059465,news_020186,news_063838,news_037318,news_090719,news_001290,news_023213,news_040819,news_089651,news_019932,news_055156,news_056929,news_032752,news_051890,news_008589,news_035465,news_085879,news_046457,news_099785,news_008561,news_063295,news_003799,news_045799,news_039627,news_055773,news_083859,news_052438,news_098206,news_034000,news_002527,news_021986,news_039470,news_007398,news_015790,news_036690,news_000200,news_061806,news_051221,news_085758,news_058932,news_079978,news_087681,news_049475,news_015105,news_033173,news_034130,news_091086,news_070325,news_075146,news_009938,news_086414,news_052933,news_007127,news_015668,news_009325,news_095186,news_092353,news_030681,news_049188,news_042961,news_048066,news_037905,news_067894,news_072323,news_048539,news_055173,news_020536,news_059535,news_081775,news_045229,news_045219,news_047663,news_081298,news_097721,news_049978,news_035968,news_073938
q_02,news_004141,news_055332,news_048528,news_093983,news_054013,news_037486,news_081528,news_088245,news_060723,news_089646,news_094479,news_026310,news_000244,news_099127,news_080398,news_070751,news_040946,news_083986,news_029403,news_011419,news_067217,news_001092,news_034575,news_004307,news_053889,news_038892,news_059963,news_071435,news_013694,news_072296,news_031615,news_032688,news_028665,news_055920,news_027683,news_075297,news_074496,news_052437,news_054760,news_057888,news_038552,news_087119,news_065745,news_030927,news_020276,news_083296,news_077765,news_071584,news_037706,news_082820,news_053713,news_081468,news_065428,news_012420,news_074543,news_058992,news_004918,news_091749,news_043451,news_070767,news_064442,news_030499,news_074330,news_019569,news_005867,news_076141,news_097074,news_049939,news_098792,news_068786,news_038108,news_052224,news_095521,news_090066,news_068177,news_089928,news_065108,news_073517,news_095406,news_068028,news_052868,news_047213,news_068048,news_028499,news_085487,news_055451,news_081873,news_073171,news_005187,news_007776,news_077541,news_031650,news_082345,news_065353,news_028931,news_057877,news_024184,news_019200,news_076577,news_044897,news_089335,news_081063,news_030255,news_013429,news_079393,news_012843,news_054248,news_033945,news_043261,news_001708,news_029532,news_036233,news_078166,news_070394,news_045666,news_091339,news_042357,news_066731,news_006726,news_059577,news_053262,news_057497,news_057490,news_060517,news_076033,news_078370,news_020539,news_082741,news_055608,news_038787,news_034709,news_088948,news_086631,news_014231,news_082886,news_003693,news_041699,news_055518,news_022010,news_099305,news_098256,news_038296,news_049828,news_026622,news_095175,news_070101,news_053640,news_003580,news_085468,news_045892,news_017332,news_015049,news_006688,news_028502,news_071985,news_020930,news_001632,news_084297,news_037457,news_031002,news_069764,news_057198,news_077889,news_014571,news_086047,news_035784,news_002795,news_051979,news_022443,news_082610,news_048557,news_098181,news_048329,news_030535,news_005849,news_030182,news_074328,news_050447,news_074570,news_050672,news_070482,news_059609,news_083462,news_081462,news_044070,news_090380,news_057393,news_006860,news_044322,news_064574,news_035776,news_069323,news_056897,news_025620,news_034256,news_046337,news_030650,news_000822,news_097736,news_096649,news_095232,news_036331,news_043640,news_057078,news_033107,news_073415,news_025892,news_039011,news_061370,news_087082,news_015609,news_018416,news_026448,news_090857,news_086907,news_092423,news_007541,news_096446,news_000399,news_001577,news_008957,news_016915,news_005503,news_052493,news_082833,news_028500,news_087259,news_057861,news_063240,news_018456,news_024413,news_058507,news_089063,news_085697,news_088081,news_094367,news_048839,news_060365,news_055648,news_032265,news_062821,news_033507,news_032103,news_086548,news_012395,news_032235,news_002371,news_058875,news_084350,news_001837,news_096971,news_098076,news_094372,news_099579,news_072798,news_038065,news_038498,news_012087,news_041725,news_032354,news_034139,news_092083,news_049569,news_070661,news_019679,news_007976,news_013280,news_016392,news_058351,news_006848,news_073720,news_068015,news_079074,news_026031,news_022592,news_005168,news_084730,news_093622,news_075756,news_084974,news_074842,news_039735,news_021033,news_061880,news_078703,news_090264,news_035344,news_067037,news_026245,news_045755,news_089123,news_061959,news_085976,news_076206,news_018214,news_051785,news_099283,news_023573,news_084379,news_033904
q_03,news_097466,news_011036,news_010703,news_096577,news_027891,news_069051,news_043262,news_068164,news_038668,news_024899,news_068452,news_082406,news_084820,news_017267,news_055683,news_025466,news_017914,news_066262,news_092485,news_036667,news_062970,news_042751,news_009158,news_037181,news_032779,news_049184,news_030865,news_010353,news_048782,news_085561,news_034772,news_089497,news_056392,news_093364,news_086418,news_032557,news_006998,news_078083,news_099965,news_030838,news_007362,news_043619,news_052675,news_069838,news_054668,news_049793,news_085149,news_045213,news_059711,news_078018,news_077958,news_072680,news_022346,news_032961,news_016314,news_096537,news_061412,news_095618,news_068465,news_080889,news_001284,news_026100,news_050576,news_098562,news_036303,news_035308,news_097037,news_034304,news_008364,news_010351,news_071495,news_058575,news_065319,news_022794,news_005180,news_096344,news_057975,news_081786,news_033040,news_089594,news_067750,news_000667,news_029859,news_019346,news_024401,news_066048,news_029661,news_016212,news_071437,news_090154,news_054966,news_038085,news_069547,news_047081,news_096013,news_044566,news_034432,news_061752,news_099028,news_049214,news_021133,news_062580,news_003220,news_069928,news_030254,news_060967,news_043499,news_093388,news_050868,news_045673,news_099765,news_015213,news_099662,news_075260,news_073839,news_096663,news_093025,news_027191,news_006580,news_051200,news_050468,news_047696,news_002758,news_002787,news_079573,news_096761,news_021738,news_083838,news_032836,news_037854,news_033683,news_063972,news_060102,news_061142,news_094426,news_052505,news_066552,news_085475,news_067016,news_099679,news_025181,news_007513,news_072069,news_095992,news_028129,news_057417,news_020317,news_017835,news_016236,news_027197,news_098533,news_085184,news_025397,news_081250,news_038204,news_069969,news_086516,news_007133,news_043167,news_042217,news_020434,news_061210,news_029612,news_023439,news_076452,news_071252,news_072526,news_028132,news_025528,news_057921,news_029900,news_094113,news_027783,news_099040,news_031568,news_018866,news_030979,news_088852,news_082574,news_013771,news_010296,news_018838,news_009147,news_091871,news_056532,news_024942,news_084544,news_038032,news_029776,news_058815,news_079154,news_030090,news_062249,news_083400,news_048614,news_050183,news_011215,news_075024,news_085582,news_092433,news_070404,news_042730,news_091087,news_089527,news_097114,news_044119,news_045297,news_050548,news_049791,news_077445,news_029658,news_042678,news_039274,news_008319,news_004506,news_015074,news_079366,news_033149,news_022882,news_081879,news_008470,news_094993,news_009109,news_066995,news_089791,news_066462,news_093234,news_033476,news_090874,news_010741,news_005470,news_039766,news_032095,news_016658,news_040357,news_074878,news_030515,news_092599,news_023546,news_099142,news_025898,news_096024,news_036605,news_099502,news_046448,news_081381,news_039737,news_082129,news_014122,news_064629,news_056719,news_074690,news_020019,news_075143,news_086498,news_000418,news_085524,news_059787,news_068002,news_001891,news_028568,news_089795,news_098928,news_025559,news_084007,news_073942,news_022423,news_010364,news_067994,news_036908,news_078839,news_080368,news_053478,news_063684,news_074676,news_078330,news_020549,news_001120,news_029002,news_010991,news_014054,news_048076,news_037346,news_080012,news_088749,news_092359,news_058872,news_093491,news_050182,news_082422,news_019911,news_076255,news_079760,news_037976,news_015128,news_053475,news_071325,news_037967,news_040787,news_026134
q_04,news_082043,news_016280,news_006049,news_078187,news_065904,news_024408,news_080109,news_037721,news_091037,news_076130,news_069486,news_053416,news_094541,news_069044,news_050263,news_095900,news_054708,news_062885,news_068601,news_034059,news_033684,news_059032,news_036092,news_005987,news_064160,news_063713,news_089559,news_097104,news_071721,news_021139,news_086301,news_096526,news_049195,news_037435,news_074991,news_026542,news_029919,news_059111,news_064680,news_056510,news_025547,news_074086,news_075221,news_096241,news_042130,news_098205,news_077768,news_083936,news_042177,news_056812,news_046679,news_073849,news_004835,news_013337,news_014656,news_012997,news_078169,news_089163,news_017371,news_068933,news_078033,news_058973,news_046108,news_096782,news_021640,news_034412,news_059694,news_037604,news_083405,news_061514,news_033310,news_025011,news_021342,news_093503,news_025715,news_029885,news_000673,news_097686,news_041664,news_011917,news_063143,news_026143,news_054786,news_018098,news_010052,news_031413,news_078491,news_080213,news_085067,news_003374,news_088472,news_013710,news_074908,news_016774,news_060900,news_044021,news_067375,news_061981,news_016649,news_044392,news_054102,news_010169,news_088869,news_084210,news_029341,news_063200,news_076030,news_049168,news_075249,news_076978,news_072807,news_014767,news_017329,news_081977,news_001011,news_039907,news_066993,news_034251,news_062696,news_061051,news_026484,news_080603,news_002664,news_098837,news_077575,news_083877,news_064861,news_096925,news_061434,news_027646,news_011660,news_062828,news_056859,news_041385,news_060249,news_059779,news_075795,news_042771,news_002866,news_064353,news_071868,news_063935,news_050336,news_036135,news_056862,news_043363,news_015030,news_040303,news_059930,news_009168,news_005746,news_028021,news_040639,news_066608,news_048705,news_093438,news_052911,news_053099,news_002577,news_008332,news_072020,news_083870,news_044713,news_085005,news_097640,news_033047,news_048714,news_040510,news_020462,news_028519,news_064312,news_027035,news_009731,news_008171,news_062193,news_075723,news_086313,news_010534,news_003507,news_061823,news_022531,news_037730,news_036653,news_054882,news_070121,news_051138,news_095105,news_038906,news_044840,news_077311,news_020730,news_080207,news_020926,news_066907,news_089350,news_050031,news_042006,news_077687,news_090838,news_080809,news_063772,news_065097,news_084745,news_051072,news_030106,news_049549,news_047345,news_029039,news_032517,news_022654,news_022659,news_090017,news_093239,news_085115,news_063242,news_069306,news_049691,news_071922,news_037524,news_078373,news_073065,news_059118,news_046053,news_097398,news_095151,news_052630,news_002950,news_003822,news_020275,news_013534,news_053292,news_054261,news_024238,news_036937,news_048997,news_012676,news_001396,news_046401,news_008306,news_015178,news_041527,news_065715,news_057488,news_005269,news_061320,news_019528,news_030018,news_053345,news_033005,news_003413,news_048375,news_050213,news_024415,news_008976,news_054685,news_001861,news_039706,news_025765,news_047427,news_087741,news_021346,news_064512,news_062267,news_090322,news_091649,news_028489,news_032583,news_031860,news_021863,news_049955,news_053873,news_049533,news_039089,news_067042,news_086833,news_078874,news_097653,news_030936,news_019919,news_095410,news_039353,news_053316,news_023006,news_061345,news_084780,news_035659,news_049754,news_017794,news_093684,news_001911,news_024452,news_038223,news_017457,news_072760,news_015655,news_016203,news_078967,news_095590,news_004026,news_087288
q_05,news_024355,news_094159,news_082489,news_019932,news_097349,news_047412,news_034411,news_068265,news_095079,news_003506,news_092933,news_069152,news_093021,news_065613,news_098048,news_027513,news_063653,news_037977,news_099699,news_041159,news_053038,news_055960,news_005759,news_024106,news_010145,news_071115,news_018657,news_018020,news_075487,news_081059,news_059465,news_014746,news_003421,news_075940,news_095296,news_045111,news_011080,news_096207,news_097121,news_023509,news_020695,news_098822,news_021986,news_054757,news_011170,news_032776,news_073716,news_066850,news_021814,news_002847,news_040819,news_091816,news_070892,news_000898,news_068012,news_066885,news_000893,news_048725,news_019969,news_061023,news_046246,news_011969,news_020620,news_003364,news_038470,news_027667,news_087609,news_078659,news_050161,news_098599,news_008108,news_083106,news_092082,news_011675,news_013738,news_017138,news_042958,news_067771,news_090449,news_003770,news_082447,news_086180,news_095879,news_078994,news_098217,news_056858,news_001177,news_048627,news_005756,news_015440,news_075832,news_059363,news_009938,news_093902,news_042912,news_030803,news_085968,news_058893,news_093712,news_010958,news_085288,news_040046,news_063019,news_074318,news_019652,news_058194,news_037905,news_015191,news_044355,news_002851,news_092999,news_002920,news_080382,news_062921,news_096162,news_073432,news_087692,news_015536,news_025936,news_044704,news_077669,news_028584,news_046349,news_058242,news_061835,news_096806,news_077470,news_083558,news_019021,news_039652,news_082233,news_022129,news_092060,news_016596,news_057884,news_016061,news_079771,news_063957,news_096294,news_070206,news_037179,news_062274,news_025627,news_015105,news_065928,news_003586,news_096613,news_054463,news_094722,news_074531,news_049980,news_020456,news_015729,news_015648,news_062494,news_077630,news_087356,news_014347,news_095147,news_018263,news_034044,news_060141,news_080952,news_068513,news_036636,news_080026,news_063838,news_060997,news_055498,news_035868,news_045556,news_058886,news_033835,news_046507,news_055530,news_012346,news_036526,news_067585,news_018740,news_088210,news_099032,news_043793,news_055926,news_045229,news_093069,news_099785,news_056795,news_077172,news_095342,news_079079,news_020499,news_048003,news_034850,news_094259,news_044017,news_017863,news_067352,news_053559,news_080246,news_018518,news_046217,news_086378,news_081837,news_090859,news_053854,news_051635,news_011635,news_015637,news_069840,news_055567,news_021720,news_064288,news_030871,news_024842,news_047792,news_037680,news_046769,news_007127,news_025358,news_057004,news_004915,news_008368,news_078833,news_068847,news_025040,news_098639,news_048888,news_086555,news_062744,news_043606,news_005559,news_001659,news_013366,news_029926,news_046433,news_073379,news_090556,news_072280,news_050908,news_058022,news_064064,news_084234,news_078443,news_007160,news_097385,news_021459,news_095373,news_015092,news_000948,news_086621,news_013274,news_088116,news_018760,news_037009,news_040823,news_086373,news_063088,news_052569,news_077274,news_027291,news_026685,news_077634,news_093469,news_072323,news_012550,news_052776,news_093182,news_076083,news_009967,news_097956,news_077164,news_011966,news_097882,news_097378,news_079692,news_089576,news_050852,news_087144,news_098876,news_075720,news_090352,news_039146,news_010712,news_099085,news_042251,news_043739,news_007629,news_004612,news_020756,news_093536,news_028851,news_096985,news_085873,news_054082,news_044260,news_053168,news_031705,news_015069,news_058896,news_064407
q_06,news_010707,news_090713,news_067418,news_071730,news_078481,news_018278,news_068478,news_075852,news_036300,news_078425,news_044744,news_070174,news_077615,news_039802,news_056866,news_083775,news_080674,news_041987,news_034947,news_046722,news_042642,news_045467,news_092997,news_078400,news_098521,news_041047,news_079533,news_025658,news_083123,news_067798,news_050901,news_012419,news_050544,news_007080,news_083333,news_033154,news_049543,news_090397,news_098315,news_097208,news_097458,news_069026,news_067301,news_001919,news_094716,news_072317,news_080771,news_042974,news_056522,news_048960,news_097645,news_086858,news_096384,news_001063,news_056645,news_007148,news_048435,news_012449,news_003469,news_006047,news_082241,news_044758,news_014246,news_096557,news_070144,news_052064,news_055102,news_098259,news_085751,news_032160,news_043881,news_003467,news_011593,news_035540,news_097036,news_018880,news_010355,news_048429,news_052051,news_026986,news_090822,news_020107,news_009394,news_015596,news_045824,news_015444,news_015420,news_057135,news_026271,news_070897,news_051684,news_073521,news_042235,news_044914,news_043207,news_003912,news_041949,news_020705,news_081164,news_033348,news_077711,news_021737,news_077309,news_043749,news_071025,news_089433,news_010257,news_041223,news_008304,news_063587,news_028294,news_050559,news_035602,news_029684,news_008103,news_007580,news_046942,news_058322,news_049661,news_051529,news_083740,news_084998,news_072897,news_035255,news_093585,news_029386,news_037038,news_082441,news_084184,news_019440,news_041075,news_053594,news_007947,news_021191,news_084959,news_047708,news_007909,news_057077,news_098774,news_055533,news_064776,news_007563,news_020498,news_086442,news_048523,news_037844,news_065830,news_047394,news_077210,news_069379,news_028726,news_029267,news_022284,news_043347,news_082580,news_074522,news_007385,news_053031,news_040556,news_065145,news_027216,news_078263,news_025623,news_081093,news_039484,news_098959,news_070704,news_090948,news_061966,news_064789,news_038331,news_019958,news_003482,news_017013,news_046646,news_040989,news_036376,news_055130,news_044234,news_085234,news_072867,news_070078,news_047002,news_045350,news_091691,news_056399,news_079121,news_039194,news_085301,news_054389,news_024846,news_051901,news_096160,news_056955,news_032760,news_058235,news_026389,news_081025,news_088569,news_051956,news_067062,news_068497,news_060032,news_051817,news_091429,news_078662,news_069526,news_004590,news_093810,news_065839,news_013120,news_091870,news_019883,news_043940,news_075849,news_001808,news_025595,news_008458,news_009306,news_059477,news_072883,news_023316,news_063569,news_016954,news_001609,news_031699,news_064011,news_005682,news_049635,news_060331,news_014912,news_081194,news_022158,news_004110,news_071661,news_081597,news_061553,news_076501,news_027602,news_039684,news_042872,news_077452,news_018659,news_004633,news_069735,news_035431,news_081893,news_097614,news_010560,news_027288,news_049035,news_058942,news_039572,news_044196,news_075216,news_031619,news_072101,news_048538,news_019379,news_022871,news_009591,news_002761,news_000360,news_033588,news_060821,news_082267,news_013579,news_094726,news_025520,news_098973,news_098581,news_037529,news_028831,news_055770,news_079986,news_081650,news_048077,news_022570,news_071606,news_010774,news_050511,news_035864,news_032843,news_090844,news_080720,news_072964,news_061946,news_070826,news_065040,news_015275,news_003595,news_021016,news_047488,news_009654,news_013077,news_075967,news_054024,news_061656,news_062954,news_047439
q_07,news_063121,news_062085,news_021244,news_025792,news_016318,news_083220,news_058375,news_028590,news_038035,news_028153,news_068108,news_044034,news_074129,news_039961,news_086289,news_000734,news_045347,news_019904,news_094405,news_075951,news_063030,news_088970,news_027689,news_008893,news_011402,news_005385,news_045701,news_049705,news_016637,news_069066,news_040166,news_072896,news_040023,news_062799,news_040599,news_025180,news_054766,news_071535,news_033566,news_047288,news_096935,news_001521,news_026882,news_086239,news_028547,news_087588,news_016699,news_023347,news_008209,news_005742,news_025329,news_025893,news_000388,news_062630,news_092045,news_067886,news_032045,news_084495,news_013339,news_080420,news_039614,news_004270,news_075589,news_026825,news_075367,news_099413,news_016953,news_038681,news_046566,news_002142,news_049005,news_047197,news_014778,news_067591,news_048185,news_029362,news_073843,news_097877,news_072297,news_056925,news_095961,news_099546,news_079256,news_071736,news_007524,news_057022,news_030793,news_076237,news_017958,news_019299,news_099396,news_007636,news_002011,news_013039,news_023459,news_043915,news_013180,news_004507,news_059797,news_079330,news_020891,news_053078,news_045360,news_073036,news_037090,news_070986,news_093058,news_019992,news_079624,news_009701,news_046621,news_086246,news_099094,news_027409,news_074885,news_032240,news_081105,news_011854,news_001698,news_029640,news_033989,news_031088,news_091329,news_035853,news_047645,news_076109,news_093869,news_012091,news_032279,news_083511,news_091364,news_077466,news_007089,news_012510,news_040773,news_004272,news_066896,news_041189,news_039106,news_027071,news_034439,news_080896,news_088936,news_076960,news_009699,news_040415,news_010011,news_072898,news_051921,news_031836,news_095235,news_085303,news_080611,news_088541,news_097921,news_093246,news_027403,news_078305,news_070018,news_022422,news_027705,news_099171,news_083387,news_046474,news_050549,news_012580,news_052874,news_099919,news_089746,news_034319,news_023476,news_025702,news_062855,news_036338,news_057787,news_041779,news_017008,news_073813,news_008360,news_005816,news_086761,news_056472,news_095127,news_030990,news_069515,news_024885,news_090246,news_032872,news_057246,news_065975,news_013676,news_039848,news_004499,news_044101,news_080290,news_078504,news_046878,news_023470,news_086755,news_084694,news_099336,news_051940,news_036567,news_001079,news_052760,news_032190,news_023534,news_069228,news_005613,news_055428,news_039322,news_005301,news_049565,news_029588,news_065899,news_080565,news_023732,news_005481,news_014493,news_010290,news_008532,news_038472,news_074816,news_025668,news_000508,news_045266,news_057266,news_042496,news_017170,news_023192,news_098912,news_052625,news_030438,news_018162,news_088870,news_043211,news_043895,news_045677,news_003462,news_027936,news_071921,news_020600,news_055541,news_002287,news_081934,news_043193,news_041670,news_077508,news_098457,news_075796,news_014933,news_066943,news_061474,news_009360,news_027632,news_008294,news_068218,news_048499,news_009710,news_011946,news_081691,news_039917,news_040266,news_055780,news_018858,news_011615,news_076654,news_026365,news_013067,news_085421,news_045962,news_081959,news_050686,news_035505,news_040044,news_084312,news_089522,news_002552,news_007153,news_008497,news_081902,news_011084,news_090793,news_024343,news_044408,news_027357,news_007099,news_081290,news_083729,news_084039,news_086562,news_044503,news_070043,news_061431,news_019758,news_019258,news_034507,news_050145,news_072512,news_015355
q_08,news_051170,news_035087,news_017010,news_065511,news_057081,news_057129,news_021506,news_065335,news_028042,news_039432,news_008838,news_006633,news_072710,news_050111,news_035267,news_077370,news_012100,news_046150,news_081736,news_007596,news_064782,news_044574,news_049840,news_029308,news_049083,news_006375,news_089199,news_015532,news_014022,news_031446,news_020448,news_039103,news_052141,news_020361,news_039147,news_093429,news_041649,news_099702,news_098287,news_070871,news_069724,news_007305,news_033956,news_057824,news_045395,news_018165,news_085053,news_087257,news_016728,news_023321,news_024995,news_066341,news_047972,news_084400,news_063547,news_022074,news_030446,news_050876,news_060634,news_053350,news_080025,news_079747,news_079575,news_050680,news_075056,news_096951,news_000215,news_072252,news_052967,news_077739,news_093538,news_091187,news_026719,news_084867,news_022039,news_092259,news_051888,news_021276,news_089395,news_020475,news_064348,news_058433,news_098483,news_013993,news_016808,news_060813,news_016152,news_035880,news_035777,news_067460,news_060786,news_063084,news_033334,news_028345,news_010233,news_036606,news_030707,news_084135,news_054956,news_037806,news_088364,news_025489,news_009917,news_027435,news_032784,news_091355,news_093347,news_094888,news_098072,news_023960,news_094769,news_009950,news_051714,news_072516,news_079966,news_033008,news_050792,news_079783,news_092650,news_097162,news_046984,news_062015,news_029297,news_014221,news_068817,news_077425,news_019887,news_096793,news_094774,news_032832,news_075225,news_023817,news_091610,news_054383,news_093228,news_037540,news_033243,news_006274,news_005164,news_075965,news_064415,news_032309,news_075380,news_063577,news_033202,news_059372,news_006689,news_091847,news_014957,news_039840,news_045302,news_068743,news_055834,news_071272,news_098276,news_026436,news_090957,news_075865,news_069234,news_075195,news_089196,news_061073,news_099977,news_031167,news_036040,news_062840,news_081843,news_016345,news_028282,news_092465,news_057638,news_063248,news_069967,news_065464,news_047529,news_088382,news_049370,news_014052,news_034528,news_097664,news_038349,news_074806,news_062118,news_024748,news_049778,news_078473,news_079520,news_011621,news_057729,news_022565,news_086266,news_094605,news_088173,news_013755,news_082924,news_053740,news_099767,news_060651,news_066356,news_011116,news_078977,news_067309,news_018284,news_010085,news_052745,news_036718,news_035920,news_000198,news_094833,news_024495,news_099955,news_084667,news_040797,news_084417,news_076619,news_008262,news_013810,news_064122,news_083653,news_086001,news_054717,news_008812,news_070256,news_065957,news_063958,news_051031,news_045042,news_081545,news_024234,news_010825,news_064282,news_064366,news_040831,news_006035,news_067411,news_058016,news_085554,news_011118,news_049890,news_011011,news_080088,news_088338,news_004469,news_038825,news_020729,news_090788,news_021320,news_082832,news_055075,news_023221,news_094989,news_002447,news_095281,news_060606,news_057667,news_092727,news_013772,news_079525,news_000368,news_000281,news_053918,news_003289,news_048469,news_056449,news_042735,news_047333,news_028202,news_095664,news_042189,news_014747,news_060060,news_035073,news_011216,news_033181,news_062955,news_032299,news_064458,news_039340,news_095315,news_051997,news_068756,news_083271,news_065917,news_098632,news_024830,news_003010,news_026951,news_049747,news_035981,news_097345,news_052579,news_030020,news_087759,news_012619,news_001785,news_046310,news_072491,news_078762,news_060054,news_031555
q_09,news_078954,news_053360,news_016520,news_028239,news_077882,news_081778,news_069476,news_066422,news_049451,news_004400,news_035304,news_036838,news_055230,news_056545,news_020444,news_024157,news_073093,news_081555,news_040140,news_038870,news_074717,news_020929,news_092415,news_003032,news_064639,news_050279,news_098308,news_063486,news_036148,news_033812,news_081295,news_016320,news_020840,news_011948,news_037430,news_003034,news_088729,news_069322,news_016196,news_023984,news_079737,news_085916,news_083815,news_091931,news_046285,news_069373,news_030329,news_061281,news_008843,news_056769,news_059412,news_095170,news_016955,news_069261,news_020552,news_005931,news_027023,news_055966,news_017802,news_057739,news_004070,news_023446,news_087730,news_015110,news_045186,news_022968,news_074390,news_095017,news_040754,news_067131,news_014529,news_035878,news_095056,news_039312,news_063247,news_049592,news_088489,news_005738,news_029949,news_095015,news_050879,news_096242,news_091825,news_059536,news_052410,news_032497,news_069485,news_084860,news_077305,news_004085,news_077992,news_022907,news_035190,news_047685,news_068045,news_029162,news_017862,news_062270,news_058280,news_028529,news_034655,news_054620,news_060607,news_024702,news_052083,news_024745,news_070679,news_093275,news_036572,news_091903,news_008000,news_052418,news_002736,news_066938,news_098820,news_005170,news_096812,news_003215,news_000403,news_044306,news_009863,news_072315,news_031564,news_095243,news_018150,news_076013,news_083290,news_030724,news_065505,news_087982,news_014205,news_003147,news_035414,news_029952,news_087269,news_090892,news_038447,news_031504,news_002913,news_068495,news_036232,news_071465,news_064514,news_066005,news_043099,news_027116,news_049113,news_074104,news_053199,news_047670,news_038071,news_034094,news_029550,news_000453,news_041249,news_038595,news_005819,news_059069,news_033078,news_044815,news_057236,news_098033,news_065017,news_061894,news_009847,news_072527,news_039542,news_026087,news_070317,news_081463,news_086269,news_085932,news_008392,news_022100,news_080208,news_034376,news_061743,news_050302,news_094125,news_067283,news_009548,news_098956,news_076274,news_056854,news_035202,news_022383,news_087936,news_004591,news_025560,news_045958,news_021222,news_092662,news_006528,news_095486,news_051372,news_089129,news_080785,news_088521,news_041561,news_092021,news_039040,news_001051,news_049737,news_001880,news_071140,news_081287,news_085224,news_063057,news_082897,news_013186,news_020070,news_034458,news_062392,news_098836,news_028201,news_025510,news_071186,news_052043,news_079532,news_079861,news_002613,news_055798,news_065430,news_098847,news_099669,news_038125,news_037791,news_062656,news_000521,news_046747,news_019289,news_008451,news_037299,news_070516,news_093209,news_026499,news_065896,news_016909,news_031053,news_059404,news_005086,news_020467,news_038846,news_084451,news_083180,news_085497,news_065391,news_036516,news_080534,news_065848,news_087833,news_007595,news_076710,news_084596,news_008137,news_034487,news_006711,news_058977,news_020985,news_030165,news_061165,news_032790,news_007002,news_037216,news_074270,news_033278,news_016110,news_084093,news_068181,news_024699,news_044354,news_040916,news_039332,news_087786,news_040420,news_070660,news_024538,news_073105,news_097316,news_071523,news_079405,news_048756,news_028314,news_031717,news_005265,news_041986,news_034787,news_026605,news_045885,news_057639,news_069558,news_063222,news_095303,news_067484,news_025950,news_076700,news_012955,news_090227,news_061418,news_089102
q_10,news_051216,news_031064,news_061265,news_099376,news_067847,news_033277,news_085892,news_030259,news_095896,news_086839,news_014592,news_058131,news_005041,news_081218,news_034727,news_017074,news_021466,news_061296,news_040214,news_079305,news_005011,news_095759,news_079045,news_070399,news_011612,news_086552,news_069766,news_032407,news_005557,news_028342,news_028130,news_041109,news_016631,news_077464,news_063180,news_064906,news_035967,news_010973,news_067063,news_059720,news_011765,news_098974,news_052122,news_071427,news_052230,news_022397,news_022559,news_004632,news_090406,news_044432,news_098054,news_006748,news_004092,news_018096,news_023009,news_083790,news_072645,news_047073,news_021285,news_001485,news_008324,news_011065,news_032982,news_057741,news_083971,news_078574,news_067098,news_014026,news_039207,news_073112,news_080827,news_085693,news_013554,news_011156,news_028789,news_095082,news_077908,news_052486,news_011101,news_084374,news_068625,news_009080,news_006543,news_050587,news_096027,news_043886,news_049496,news_020028,news_024551,news_088730,news_037701,news_023303,news_005769,news_076737,news_008167,news_011668,news_003736,news_031377,news_053868,news_012047,news_096520,news_081697,news_029436,news_073858,news_001972,news_042666,news_065342,news_085645,news_038759,news_018841,news_086406,news_006473,news_060434,news_023297,news_057631,news_077883,news_031082,news_007806,news_077260,news_054789,news_038348,news_022483,news_046715,news_095978,news_016007,news_021275,news_082716,news_012432,news_044112,news_028876,news_085929,news_049517,news_067672,news_055118,news_015726,news_083851,news_042707,news_039794,news_036745,news_084002,news_046867,news_087886,news_075363,news_090223,news_019510,news_097118,news_044728,news_051288,news_053635,news_048374,news_021456,news_056698,news_009095,news_054849,news_089842,news_084524,news_003343,news_015257,news_095597,news_082688,news_006227,news_077227,news_066773,news_002409,news_017191,news_055039,news_039420,news_057457,news_049803,news_082018,news_008056,news_036312,news_039535,news_089833,news_056924,news_015989,news_025989,news_046418,news_067903,news_015087,news_004909,news_051744,news_066270,news_082930,news_061726,news_069320,news_039680,news_039231,news_049961,news_054403,news_034598,news_045791,news_045790,news_046008,news_028783,news_066768,news_012898,news_094215,news_035507,news_022330,news_073332,news_087892,news_054671,news_067178,news_000763,news_014865,news_031599,news_014370,news_018656,news_005612,news_024650,news_038419,news_088030,news_031143,news_073605,news_073458,news_016817,news_006040,news_086311,news_077411,news_080618,news_016643,news_080492,news_069858,news_071050,news_029214,news_072719,news_094348,news_001328,news_092197,news_053991,news_051755,news_073954,news_043112,news_042333,news_049050,news_024819,news_076677,news_046558,news_077850,news_092004,news_070024,news_026979,news_001610,news_026729,news_017786,news_023288,news_088514,news_024910,news_064390,news_052621,news_089161,news_009143,news_096638,news_039111,news_039201,news_021414,news_013284,news_027360,news_015268,news_002796,news_082073,news_067700,news_051779,news_074757,news_086844,news_050812,news_072712,news_035515,news_024247,news_020435,news_053970,news_003554,news_039115,news_048188,news_099723,news_038625,news_086807,news_042689,news_034661,news_092500,news_019343,news_084380,news_081499,news_013186,news_066393,news_042646,news_072425,news_022926,news_071823,news_017311,news_041658,news_026771,news_013263,news_084923,news_062038,news_050339,news_070876,news_094809,news_051445
q_11,news_079951,news_017705,news_053209,news_015521,news_091227,news_039676,news_095721,news_043616,news_003092,news_027768,news_023871,news_012190,news_077820,news_066303,news_095266,news_033602,news_092553,news_047936,news_080747,news_032158,news_001975,news_052584,news_032411,news_074272,news_007235,news_045472,news_071416,news_018574,news_005538,news_068650,news_041138,news_062660,news_031769,news_051723,news_058692,news_011572,news_005344,news_034882,news_031152,news_052203,news_004004,news_032826,news_088307,news_041316,news_076631,news_055471,news_029142,news_095189,news_090605,news_053011,news_025823,news_083101,news_034382,news_077953,news_070089,news_034262,news_050699,news_029209,news_079343,news_065059,news_011625,news_035342,news_077724,news_083554,news_034710,news_083033,news_029444,news_016507,news_075246,news_083956,news_061279,news_038813,news_049770,news_023412,news_027073,news_030805,news_019723,news_068916,news_015640,news_051123,news_019567,news_034397,news_080139,news_043475,news_028479,news_038866,news_005984,news_017598,news_027282,news_070916,news_092777,news_065419,news_089780,news_064734,news_027096,news_019583,news_071621,news_023492,news_041275,news_009384,news_039546,news_007613,news_005116,news_088612,news_090814,news_002844,news_092475,news_059904,news_093906,news_058685,news_053575,news_023916,news_098380,news_040847,news_020329,news_070143,news_025129,news_014258,news_013526,news_034731,news_005878,news_053340,news_012680,news_087306,news_025399,news_084186,news_032088,news_093106,news_011009,news_058887,news_069215,news_083497,news_070027,news_064460,news_002288,news_058363,news_005667,news_068543,news_030532,news_092373,news_031841,news_021401,news_045117,news_093152,news_077624,news_006086,news_095386,news_092026,news_083627,news_013661,news_096943,news_030599,news_029489,news_090628,news_073418,news_084930,news_038170,news_010807,news_036916,news_093065,news_044962,news_021985,news_045632,news_012530,news_066310,news_015196,news_080357,news_086410,news_018266,news_009160,news_048691,news_004689,news_008664,news_043803,news_091386,news_055187,news_061547,news_015720,news_099162,news_045076,news_002450,news_048721,news_080263,news_007684,news_089236,news_050795,news_058643,news_032021,news_031861,news_043654,news_076312,news_031934,news_036446,news_061775,news_083621,news_011061,news_048778,news_081378,news_054134,news_007281,news_042528,news_021457,news_012775,news_094701,news_098415,news_051193,news_077015,news_024560,news_009097,news_064924,news_071227,news_050733,news_015052,news_005648,news_089275,news_095040,news_000318,news_037563,news_035532,news_036822,news_047466,news_002686,news_021227,news_021359,news_069968,news_009081,news_061597,news_088872,news_047616,news_079713,news_074399,news_055688,news_059630,news_033302,news_025090,news_013816,news_093081,news_034335,news_061824,news_016344,news_063673,news_022837,news_073094,news_081721,news_063159,news_081238,news_010721,news_011575,news_076902,news_095498,news_074017,news_098546,news_022480,news_073136,news_029239,news_070806,news_086384,news_000740,news_073212,news_074312,news_096991,news_024838,news_061535,news_066435,news_065382,news_029144,news_067824,news_084512,news_012171,news_017912,news_071477,news_015734,news_044867,news_022713,news_036324,news_095157,news_008896,news_072097,news_060017,news_064524,news_026675,news_025970,news_018515,news_020967,news_052763,news_013078,news_080535,news_015670,news_022090,news_046141,news_016913,news_080439,news_004441,news_079906,news_003474,news_007830,news_090294,news_062904,news_074092,news_008054
q_12,news_033526,news_061757,news_074837,news_059154,news_067128,news_050256,news_088762,news_090902,news_012117,news_037051,news_004861,news_048247,news_028347,news_003270,news_059680,news_055342,news_024397,news_017264,news_026254,news_026521,news_040544,news_032900,news_033208,news_095091,news_062158,news_077050,news_038338,news_072250,news_084734,news_062159,news_004209,news_090051,news_084755,news_064761,news_057331,news_013322,news_050659,news_069074,news_035748,news_078479,news_028017,news_076119,news_050563,news_036387,news_098099,news_069336,news_016099,news_026744,news_072972,news_020420,news_003814,news_078593,news_003753,news_078421,news_039064,news_072575,news_052364,news_089289,news_016411,news_066064,news_049120,news_068472,news_037904,news_036273,news_094679,news_043590,news_066652,news_031006,news_054909,news_018990,news_033276,news_037468,news_091950,news_041038,news_012153,news_025566,news_051416,news_084540,news_025993,news_039032,news_014378,news_066487,news_050144,news_016340,news_076070,news_059546,news_030453,news_011311,news_088529,news_024596,news_085069,news_000310,news_017801,news_086391,news_091200,news_072586,news_030632,news_048903,news_052589,news_091213,news_030412,news_041205,news_029766,news_027445,news_047352,news_096635,news_020578,news_091672,news_067874,news_050753,news_069763,news_075454,news_082756,news_036298,news_065977,news_018239,news_059750,news_032943,news_005372,news_037513,news_061503,news_049893,news_034003,news_014536,news_026730,news_066139,news_052200,news_060724,news_089502,news_091320,news_086181,news_008911,news_020868,news_002833,news_068240,news_086567,news_071209,news_038617,news_040093,news_094746,news_076530,news_026924,news_053388,news_010064,news_000532,news_037012,news_052114,news_080739,news_087989,news_006600,news_040991,news_036929,news_094665,news_041091,news_030739,news_081818,news_095432,news_023792,news_028114,news_057460,news_067125,news_026277,news_030507,news_061162,news_032745,news_011411,news_096163,news_010014,news_047702,news_035480,news_026243,news_010389,news_081066,news_008317,news_044147,news_022183,news_050087,news_069901,news_096296,news_009464,news_030770,news_020917,news_026480,news_097903,news_034601,news_078695,news_016262,news_093395,news_097498,news_086656,news_087655,news_097825,news_008771,news_035273,news_022347,news_040715,news_090190,news_080962,news_061797,news_071772,news_012532,news_066333,news_066167,news_059031,news_022719,news_023890,news_076169,news_022106,news_014606,news_049146,news_069298,news_097321,news_038860,news_017183,news_057462,news_092080,news_044410,news_042573,news_049510,news_042299,news_026278,news_037791,news_004126,news_073202,news_030781,news_088443,news_058628,news_091545,news_080295,news_054402,news_017793,news_049694,news_032284,news_018120,news_070031,news_095024,news_078039,news_025803,news_055708,news_070835,news_062661,news_037896,news_046028,news_091175,news_085907,news_065971,news_062273,news_078902,news_005499,news_013253,news_092340,news_065848,news_017945,news_070605,news_073962,news_050167,news_022992,news_035405,news_099573,news_055636,news_006478,news_037510,news_025093,news_099990,news_024178,news_024335,news_082565,news_077021,news_068042,news_045142,news_068357,news_031755,news_033516,news_043521,news_084232,news_067213,news_001465,news_065735,news_024410,news_091599,news_030175,news_050221,news_025020,news_098675,news_021901,news_006028,news_094700,news_093877,news_039941,news_012502,news_079563,news_038353,news_015086,news_081725,news_069672,news_065738,news_011985,news_008905,news_078012,news_096201
q_13,news_083020,news_056001,news_025865,news_096604,news_038355,news_027434,news_024488,news_005698,news_079957,news_008819,news_035182,news_063405,news_035440,news_060746,news_072617,news_058396,news_054514,news_033843,news_007718,news_021948,news_060371,news_069890,news_093366,news_027737,news_032860,news_032017,news_025390,news_037494,news_057183,news_079531,news_075389,news_023689,news_034037,news_060849,news_094212,news_061836,news_049683,news_075648,news_026415,news_087376,news_028986,news_071556,news_023903,news_042144,news_093077,news_079438,news_071491,news_097945,news_038127,news_092339,news_016057,news_027161,news_023860,news_038765,news_001556,news_005514,news_056768,news_046283,news_045314,news_049550,news_066678,news_006807,news_043257,news_002871,news_052909,news_093288,news_006214,news_003038,news_092703,news_018223,news_041282,news_072525,news_030516,news_044966,news_006832,news_035561,news_080164,news_033487,news_027816,news_026874,news_093840,news_098781,news_078038,news_075064,news_001834,news_007591,news_013788,news_089359,news_002158,news_047629,news_033273,news_085397,news_053195,news_081300,news_067769,news_030084,news_045766,news_074771,news_097565,news_006440,news_037289,news_071033,news_007288,news_001275,news_090955,news_072916,news_013548,news_061734,news_019525,news_020916,news_090323,news_068327,news_040306,news_002714,news_069984,news_044993,news_069791,news_071605,news_051661,news_093721,news_049447,news_098567,news_085269,news_017385,news_086002,news_014511,news_004635,news_039339,news_026172,news_093716,news_087591,news_002937,news_018746,news_031439,news_052155,news_015821,news_057458,news_087871,news_098519,news_026173,news_067605,news_094636,news_092660,news_018339,news_011528,news_019418,news_094897,news_019300,news_009515,news_066724,news_029493,news_069878,news_015510,news_019620,news_099303,news_085406,news_033015,news_012662,news_017559,news_068056,news_011025,news_052443,news_052153,news_025367,news_039456,news_042883,news_053569,news_006993,news_011920,news_093719,news_015143,news_080625,news_012380,news_017524,news_050831,news_004532,news_095883,news_095212,news_055961,news_047619,news_017240,news_014375,news_033728,news_017208,news_098940,news_054157,news_004038,news_053251,news_023305,news_042680,news_060753,news_079813,news_055276,news_043548,news_090349,news_053586,news_002136,news_040448,news_079930,news_084896,news_090226,news_035439,news_036442,news_064735,news_096792,news_084047,news_081991,news_042778,news_096963,news_075682,news_077854,news_073968,news_050086,news_005289,news_098283,news_058229,news_048797,news_032498,news_056497,news_091168,news_085046,news_092782,news_076129,news_003501,news_045263,news_085718,news_074066,news_090626,news_046871,news_094924,news_045992,news_062716,news_083817,news_034645,news_013955,news_048897,news_015516,news_098185,news_057160,news_012817,news_087778,news_091569,news_066380,news_053693,news_063307,news_078230,news_070166,news_037868,news_012431,news_021793,news_069886,news_095658,news_095680,news_047552,news_082380,news_050306,news_091442,news_090032,news_003480,news_035194,news_040569,news_017681,news_014563,news_064977,news_006553,news_030612,news_027713,news_014848,news_078883,news_087529,news_082875,news_066902,news_081039,news_056089,news_091675,news_009393,news_065300,news_039173,news_049393,news_087863,news_024988,news_093404,news_009403,news_072061,news_070865,news_050357,news_036893,news_059290,news_036022,news_075618,news_005238,news_050623,news_033960,news_008412,news_070763,news_093084,news_024258,news_011881,news_052805,news_046710
q_14,news_059978,news_048074,news_052450,news_086245,news_000683,news_086906,news_031728,news_054459,news_061809,news_036649,news_036613,news_062068,news_035755,news_067351,news_016672,news_049801,news_004202,news_096414,news_069098,news_090860,news_076851,news_036481,news_022095,news_031577,news_070117,news_096545,news_047900,news_048309,news_055947,news_097489,news_009289,news_055526,news_003044,news_024741,news_006512,news_053724,news_080301,news_040671,news_040131,news_005515,news_091419,news_003863,news_073046,news_059226,news_093225,news_086897,news_023986,news_045526,news_054536,news_097396,news_034234,news_055168,news_084327,news_046645,news_076210,news_068469,news_069667,news_072572,news_027481,news_020688,news_055596,news_072734,news_081080,news_078347,news_007981,news_051080,news_081669,news_011984,news_058581,news_046644,news_054513,news_014120,news_009883,news_093675,news_099664,news_004752,news_031364,news_019194,news_027687,news_043796,news_022395,news_006960,news_079285,news_078811,news_081550,news_096981,news_054025,news_056915,news_098703,news_088137,news_089622,news_075036,news_035780,news_084641,news_013660,news_035538,news_090444,news_077206,news_068585,news_038450,news_054234,news_059855,news_037903,news_019566,news_037838,news_090046,news_053448,news_068239,news_087226,news_004967,news_039797,news_055096,news_081716,news_060007,news_089179,news_004226,news_067622,news_059316,news_023140,news_028775,news_099279,news_001000,news_026905,news_026946,news_026698,news_026053,news_002535,news_059888,news_075746,news_011417,news_005206,news_042100,news_006836,news_096089,news_049162,news_093354,news_046201,news_011645,news_035376,news_056258,news_016739,news_093147,news_063507,news_042479,news_043203,news_012127,news_033743,news_041231,news_059137,news_026216,news_082434,news_085297,news_041628,news_020326,news_013927,news_093972,news_007574,news_026680,news_070065,news_092788,news_099725,news_026553,news_090758,news_049667,news_013297,news_049709,news_095458,news_008977,news_070548,news_028277,news_064566,news_047730,news_057439,news_038417,news_008716,news_004108,news_040860,news_070992,news_098014,news_089294,news_049065,news_047080,news_021719,news_075458,news_039521,news_009803,news_080331,news_016148,news_046946,news_008288,news_087107,news_038802,news_070378,news_044465,news_037274,news_019229,news_070029,news_064720,news_050036,news_081913,news_016948,news_079932,news_069124,news_010019,news_024693,news_074505,news_090815,news_075100,news_088631,news_061618,news_042287,news_031038,news_097858,news_063457,news_099880,news_048040,news_026295,news_064367,news_051078,news_019039,news_029068,news_025810,news_095856,news_027508,news_092329,news_075415,news_026660,news_086484,news_065492,news_002808,news_087925,news_090960,news_040077,news_000424,news_004578,news_009544,news_067127,news_039828,news_043550,news_039016,news_085145,news_007844,news_005697,news_059644,news_086430,news_076492,news_060720,news_019336,news_093328,news_042973,news_018399,news_003458,news_020817,news_077322,news_087862,news_021636,news_027358,news_082690,news_072059,news_061837,news_014634,news_052489,news_024540,news_008796,news_081641,news_035922,news_090744,news_064818,news_011303,news_087679,news_053123,news_019302,news_001712,news_041263,news_003960,news_071399,news_024564,news_058785,news_021593,news_033765,news_059554,news_092137,news_044562,news_038506,news_010601,news_004483,news_091152,news_097105,news_045741,news_088697,news_070389,news_068996,news_010412,news_079131,news_061635,news_033090,news_089443,news_024042,news_039865,news_064049
q_15,news_007391,news_082497,news_043335,news_008242,news_066590,news_017269,news_064374,news_017187,news_012019,news_029771,news_010685,news_056574,news_077287,news_024889,news_069907,news_005049,news_081958,news_021313,news_073575,news_073068,news_023255,news_028727,news_056019,news_093951,news_030439,news_004317,news_011853,news_025509,news_085857,news_003967,news_099913,news_072038,news_031110,news_088760,news_079050,news_006143,news_041103,news_048016,news_074394,news_045638,news_039139,news_056575,news_020302,news_099261,news_039391,news_025649,news_068711,news_056958,news_067713,news_042422,news_085453,news_030306,news_077832,news_080475,news_076055,news_044176,news_070276,news_053620,news_069577,news_019082,news_028243,news_072184,news_014161,news_091279,news_080498,news_019461,news_096924,news_018840,news_005217,news_035766,news_031785,news_073231,news_045732,news_037736,news_075302,news_091028,news_080061,news_041847,news_090139,news_077946,news_005767,news_044633,news_018676,news_074633,news_069386,news_082008,news_074999,news_063565,news_053721,news_072810,news_065623,news_096082,news_031046,news_059960,news_055653,news_025616,news_077356,news_084097,news_031100,news_092310,news_078823,news_023138,news_090119,news_056534,news_069965,news_083470,news_087355,news_000531,news_060315,news_037832,news_023427,news_089660,news_069076,news_085196,news_098899,news_092204,news_064281,news_095297,news_071902,news_020006,news_097347,news_010285,news_047219,news_068565,news_044217,news_060976,news_093633,news_009217,news_032361,news_081573,news_000921,news_042319,news_064823,news_053763,news_063831,news_002915,news_020002,news_037397,news_045436,news_033007,news_029358,news_094742,news_052212,news_069130,news_013115,news_066628,news_029345,news_078397,news_087081,news_033009,news_017649,news_078572,news_071068,news_043054,news_090514,news_062901,news_029854,news_060447,news_076157,news_059793,news_043417,news_098535,news_004679,news_043410,news_024586,news_011190,news_017960,news_032653,news_084724,news_084487,news_072187,news_086867,news_006270,news_053053,news_024768,news_035925,news_027851,news_073494,news_009596,news_061014,news_038597,news_032718,news_098299,news_080886,news_016291,news_002082,news_079587,news_080015,news_067948,news_019925,news_092133,news_016562,news_048733,news_006858,news_063394,news_007621,news_056040,news_032524,news_058838,news_016792,news_042586,news_018948,news_061536,news_007732,news_004798,news_034451,news_047948,news_074957,news_006330,news_092941,news_032080,news_096629,news_055732,news_063711,news_013970,news_065452,news_095282,news_062622,news_014881,news_014256,news_036391,news_040315,news_056113,news_018268,news_080661,news_071785,news_050698,news_032933,news_033947,news_003521,news_055633,news_033979,news_022576,news_085691,news_025122,news_021507,news_052485,news_091375,news_079962,news_030157,news_065676,news_093888,news_081496,news_031382,news_065167,news_098985,news_046382,news_080364,news_065322,news_078493,news_017821,news_080191,news_097822,news_052526,news_033515,news_014709,news_081985,news_069145,news_082676,news_032388,news_094548,news_001282,news_050171,news_090891,news_020071,news_082242,news_023377,news_063044,news_059627,news_078817,news_050119,news_033010,news_051042,news_042836,news_065261,news_018756,news_079775,news_075963,news_056315,news_084243,news_061179,news_082396,news_082655,news_067573,news_055788,news_033435,news_095417,news_074693,news_013188,news_075592,news_052477,news_008437,news_007672,news_080984,news_011778,news_011747,news_082764,news_066564,news_073910,news_090011
q_16,news_064209,news_012873,news_056765,news_055305,news_097573,news_027172,news_082981,news_077798,news_089045,news_083857,news_047289,news_049601,news_086103,news_008928,news_032480,news_094510,news_078179,news_044938,news_019675,news_050066,news_012956,news_020883,news_048753,news_035402,news_035655,news_009430,news_084359,news_030929,news_039199,news_062906,news_096516,news_003329,news_001836,news_092187,news_033993,news_073850,news_095400,news_066906,news_027836,news_023544,news_077662,news_093795,news_000801,news_044312,news_073697,news_029033,news_018007,news_088466,news_029629,news_004452,news_080110,news_086612,news_049121,news_070458,news_063881,news_035665,news_061769,news_089172,news_060312,news_087791,news_079271,news_013344,news_037812,news_031161,news_069668,news_021348,news_026664,news_027911,news_095488,news_063859,news_037735,news_049982,news_040999,news_096074,news_011884,news_087333,news_068401,news_094034,news_080079,news_063470,news_023368,news_025152,news_035076,news_092224,news_031657,news_008239,news_022328,news_071592,news_033656,news_050840,news_068629,news_084891,news_054837,news_002953,news_037931,news_032713,news_030269,news_047719,news_036152,news_080862,news_012842,news_049375,news_040887,news_001477,news_017097,news_018219,news_011406,news_046384,news_002641,news_040496,news_045216,news_050266,news_008581,news_076407,news_026399,news_078687,news_071379,news_053017,news_061767,news_082627,news_083673,news_055767,news_081412,news_003778,news_076655,news_092458,news_097020,news_018751,news_007757,news_070753,news_079561,news_009434,news_001027,news_000484,news_047138,news_045332,news_037630,news_084805,news_007018,news_064343,news_098620,news_011670,news_059236,news_073316,news_023772,news_054750,news_047525,news_076328,news_032762,news_044256,news_044673,news_019993,news_043681,news_092272,news_018655,news_093827,news_000355,news_023043,news_032853,news_097947,news_073035,news_078350,news_067714,news_077570,news_027606,news_010325,news_037623,news_019639,news_079219,news_063938,news_063469,news_076874,news_024008,news_008528,news_013113,news_089722,news_036408,news_021925,news_025193,news_042169,news_089020,news_092277,news_054341,news_046750,news_020153,news_026581,news_098852,news_047626,news_017995,news_085079,news_004671,news_096313,news_014099,news_084727,news_064660,news_087859,news_031545,news_092795,news_045372,news_028048,news_068256,news_001948,news_001310,news_039525,news_045840,news_095598,news_009465,news_022933,news_041199,news_038098,news_031301,news_062172,news_000563,news_030864,news_063161,news_036274,news_008839,news_019753,news_071643,news_017889,news_052321,news_057099,news_001106,news_054314,news_079638,news_057649,news_072348,news_031379,news_002543,news_002171,news_031170,news_037815,news_008960,news_074641,news_096515,news_034406,news_009006,news_012982,news_098201,news_028958,news_012770,news_003415,news_023749,news_094477,news_029759,news_090250,news_057227,news_083256,news_018716,news_067445,news_087683,news_000242,news_049766,news_076004,news_028392,news_077018,news_089386,news_066369,news_032446,news_060527,news_024350,news_013648,news_062390,news_007533,news_011096,news_062248,news_083979,news_021648,news_097978,news_002716,news_058457,news_077761,news_015145,news_062305,news_012653,news_051706,news_082650,news_003635,news_063843,news_027595,news_036452,news_040668,news_071726,news_041423,news_054767,news_077577,news_041846,news_060359,news_046777,news_063424,news_046407,news_073776,news_027311,news_051886,news_084649,news_067587,news_073053,news_001713,news_011227,news_097550
q_17,news_038482,news_002728,news_087044,news_097531,news_088594,news_042072,news_016422,news_064842,news_081266,news_047982,news_075769,news_018827,news_063539,news_006420,news_048327,news_048648,news_021217,news_095595,news_023763,news_069462,news_073552,news_005600,news_011407,news_099484,news_042122,news_052739,news_029877,news_022453,news_030172,news_088267,news_075199,news_027518,news_014796,news_024980,news_099415,news_007054,news_034621,news_008644,news_054103,news_002939,news_044880,news_049473,news_002862,news_041878,news_030211,news_017574,news_077373,news_008889,news_028848,news_099443,news_097102,news_031372,news_063446,news_089230,news_006636,news_097262,news_063979,news_095233,news_053480,news_067624,news_018478,news_052098,news_044341,news_082329,news_052560,news_006152,news_077230,news_006179,news_037867,news_047147,news_051949,news_047429,news_042470,news_023228,news_023738,news_087808,news_062680,news_034914,news_065286,news_062413,news_028276,news_094532,news_003983,news_006533,news_066018,news_017144,news_055201,news_081704,news_000086,news_029357,news_013448,news_013071,news_002519,news_058095,news_061186,news_055006,news_031048,news_026385,news_054707,news_058009,news_060087,news_034159,news_048922,news_064430,news_088352,news_021553,news_025966,news_009981,news_094728,news_058180,news_070084,news_032165,news_038056,news_083723,news_055470,news_021136,news_055276,news_031847,news_025957,news_096125,news_060291,news_005488,news_037958,news_083179,news_038172,news_041184,news_067366,news_041337,news_078410,news_073471,news_033513,news_002307,news_087095,news_026832,news_017653,news_096804,news_015890,news_099928,news_063387,news_063709,news_056167,news_003636,news_094127,news_082821,news_003161,news_047171,news_013749,news_040924,news_040594,news_085515,news_025364,news_085608,news_090563,news_046782,news_032231,news_061840,news_054285,news_060408,news_015836,news_099288,news_081895,news_084759,news_061131,news_052300,news_088204,news_011178,news_092607,news_080161,news_065486,news_055974,news_077914,news_098358,news_025036,news_098612,news_069874,news_043777,news_019814,news_069293,news_072848,news_085478,news_029065,news_024120,news_027660,news_092064,news_079829,news_010155,news_056013,news_005852,news_075114,news_026640,news_064828,news_029633,news_007680,news_013289,news_032654,news_000577,news_069024,news_038275,news_092568,news_046961,news_074506,news_066248,news_080240,news_028513,news_010403,news_052398,news_079616,news_062486,news_086604,news_010984,news_096576,news_027271,news_012793,news_028120,news_046101,news_039253,news_009935,news_002308,news_067760,news_045699,news_051703,news_073269,news_096802,news_025227,news_001249,news_011043,news_018800,news_049756,news_055699,news_078498,news_053744,news_000370,news_022793,news_051766,news_099409,news_094499,news_084322,news_027138,news_037897,news_034879,news_004958,news_014666,news_008169,news_048958,news_050388,news_012064,news_073630,news_059325,news_091716,news_061195,news_051522,news_069861,news_078594,news_031668,news_096588,news_088445,news_069751,news_091751,news_044613,news_048723,news_087836,news_069402,news_041090,news_003283,news_099476,news_027649,news_096156,news_077121,news_069211,news_096691,news_019933,news_018034,news_028307,news_008365,news_078903,news_075974,news_018846,news_050759,news_040803,news_043267,news_062013,news_042305,news_013419,news_020479,news_014094,news_055095,news_062165,news_031325,news_066428,news_098402,news_040034,news_050062,news_079625,news_030937,news_099674,news_036339,news_072853,news_056281,news_085836,news_013178
q_18,news_093936,news_039323,news_055047,news_071517,news_062115,news_063285,news_020421,news_036196,news_025388,news_066824,news_061647,news_023819,news_004497,news_013392,news_054482,news_055942,news_031781,news_085537,news_027095,news_051364,news_016230,news_041429,news_000441,news_066862,news_036359,news_051079,news_035829,news_065562,news_028971,news_008913,news_082299,news_087705,news_027043,news_060125,news_041164,news_002894,news_008947,news_012212,news_002198,news_094866,news_020278,news_074600,news_028938,news_039950,news_006806,news_023013,news_009175,news_005062,news_078222,news_044245,news_086071,news_010972,news_097785,news_070607,news_027975,news_031953,news_043883,news_033032,news_053872,news_084622,news_052641,news_009635,news_004538,news_040940,news_001341,news_000534,news_083735,news_046333,news_032311,news_083137,news_048699,news_087348,news_023324,news_071870,news_020085,news_094727,news_057264,news_034667,news_015153,news_030488,news_069549,news_096014,news_035871,news_088862,news_035663,news_073733,news_015886,news_027315,news_045787,news_013030,news_056240,news_003223,news_079704,news_080927,news_006668,news_049673,news_067507,news_074061,news_085549,news_005419,news_053878,news_040066,news_067796,news_017141,news_063551,news_024723,news_068151,news_038869,news_047040,news_079923,news_093852,news_051054,news_008548,news_033343,news_007174,news_020901,news_044535,news_071577,news_012508,news_018053,news_038102,news_097421,news_021483,news_014710,news_019987,news_000583,news_001648,news_054570,news_005986,news_075090,news_036143,news_032649,news_067661,news_018633,news_058528,news_058454,news_019120,news_016051,news_044368,news_076928,news_086763,news_081083,news_017981,news_035098,news_065833,news_088700,news_047493,news_085594,news_068694,news_060477,news_073299,news_012722,news_086124,news_065773,news_023040,news_034921,news_040966,news_089720,news_076720,news_076762,news_018584,news_077600,news_015056,news_083568,news_055147,news_045742,news_017244,news_089307,news_004275,news_049041,news_038940,news_024894,news_091977,news_033452,news_088192,news_071924,news_077571,news_042031,news_018964,news_000710,news_084083,news_058905,news_084749,news_066575,news_079493,news_033390,news_031880,news_086946,news_014317,news_044970,news_024792,news_054155,news_037715,news_048321,news_070878,news_008418,news_090008,news_003686,news_044473,news_070567,news_006511,news_036178,news_009259,news_034800,news_038133,news_083112,news_002537,news_032705,news_056617,news_026473,news_083260,news_072400,news_072001,news_010577,news_044776,news_070108,news_072502,news_020239,news_065179,news_038042,news_062437,news_066571,news_043351,news_024276,news_001289,news_098919,news_053425,news_094419,news_037992,news_089851,news_097284,news_013445,news_070742,news_099615,news_088456,news_085372,news_012061,news_053211,news_076381,news_017119,news_029582,news_017412,news_002733,news_029393,news_036980,news_090034,news_060560,news_035143,news_076446,news_053246,news_063423,news_096680,news_085661,news_076995,news_028485,news_031611,news_071503,news_080499,news_025704,news_048863,news_058858,news_072268,news_059708,news_018796,news_069683,news_069521,news_032555,news_081952,news_030419,news_029718,news_082471,news_094712,news_060289,news_009409,news_047866,news_021334,news_034785,news_042592,news_014176,news_021179,news_025219,news_081388,news_030510,news_070329,news_054370,news_025619,news_001638,news_066476,news_005071,news_051236,news_020968,news_045891,news_022174,news_088038,news_026595,news_081637,news_023216,news_063723,news_012864,news_046129
q_19,news_024001,news_090765,news_094552,news_020793,news_098787,news_032365,news_095927,news_050615,news_038657,news_047875,news_059745,news_013547,news_034563,news_009958,news_017345,news_060277,news_012605,news_060707,news_085579,news_068959,news_076823,news_089252,news_027192,news_059361,news_083285,news_067014,news_098356,news_065602,news_036716,news_015325,news_081790,news_036497,news_047553,news_061258,news_057731,news_040721,news_021369,news_099310,news_089375,news_056892,news_076152,news_044032,news_006020,news_064331,news_034405,news_094936,news_093325,news_046602,news_005838,news_011983,news_013053,news_031344,news_080408,news_078374,news_043840,news_026711,news_020542,news_048373,news_054373,news_086892,news_095401,news_010804,news_010690,news_075504,news_060022,news_013436,news_021666,news_093367,news_068344,news_057807,news_041272,news_085236,news_071947,news_025766,news_095518,news_005007,news_014662,news_039989,news_051848,news_034072,news_073195,news_008577,news_091458,news_040791,news_009687,news_014319,news_031855,news_072986,news_056508,news_032177,news_011673,news_021619,news_098890,news_000222,news_090638,news_045441,news_096172,news_058251,news_000512,news_015908,news_046364,news_021325,news_016828,news_042677,news_083937,news_094177,news_042148,news_069125,news_014343,news_097608,news_007308,news_004458,news_034456,news_042052,news_093654,news_020945,news_044772,news_010579,news_042000,news_061846,news_067392,news_050275,news_049258,news_016056,news_012132,news_018208,news_059055,news_083907,news_023426,news_071877,news_088653,news_086471,news_048550,news_029637,news_070849,news_056885,news_049602,news_020893,news_027436,news_029892,news_050966,news_060405,news_069731,news_060873,news_051920,news_092190,news_098243,news_036042,news_029791,news_048029,news_058416,news_081191,news_058723,news_021353,news_019787,news_086932,news_016113,news_080807,news_006884,news_012533,news_025158,news_027394,news_017057,news_010391,news_078045,news_093918,news_033203,news_002031,news_067257,news_046016,news_083601,news_063546,news_019308,news_001035,news_026893,news_058535,news_097709,news_029515,news_003162,news_020310,news_043996,news_038970,news_062989,news_065997,news_013279,news_026193,news_081810,news_084386,news_076062,news_005483,news_006559,news_079382,news_085753,news_034919,news_078613,news_057626,news_002802,news_037427,news_032907,news_067704,news_038971,news_037952,news_067146,news_081213,news_058460,news_036277,news_059381,news_094014,news_054622,news_040522,news_075615,news_099518,news_028397,news_095472,news_045198,news_067544,news_033774,news_030073,news_004730,news_059983,news_082452,news_073006,news_073414,news_067979,news_096655,news_028205,news_052644,news_023170,news_061188,news_004080,news_009533,news_093943,news_012286,news_061054,news_015866,news_035619,news_074343,news_023504,news_036852,news_004062,news_040988,news_021269,news_074134,news_087357,news_064411,news_034696,news_044295,news_006034,news_071443,news_069097,news_002181,news_059954,news_067256,news_041937,news_023742,news_019100,news_010361,news_017516,news_082712,news_076165,news_032634,news_061889,news_038177,news_058617,news_060474,news_028070,news_035739,news_028352,news_003673,news_008401,news_048527,news_073862,news_091634,news_085542,news_037393,news_078424,news_002092,news_048303,news_081014,news_052314,news_057407,news_062050,news_027302,news_003279,news_024989,news_028664,news_004572,news_043655,news_083486,news_017638,news_046862,news_078005,news_063374,news_035805,news_032800,news_068628,news_095316,news_058136,news_094390,news_057595
q_20,news_099776,news_081357,news_095391,news_059833,news_043384,news_086309,news_028094,news_006796,news_088488,news_006102,news_047256,news_073266,news_003422,news_060027,news_099537,news_085416,news_097441,news_028702,news_075891,news_066569,news_055212,news_084802,news_070743,news_053481,news_052634,news_033926,news_040878,news_091643,news_040320,news_023479,news_082024,news_099287,news_065652,news_065824,news_030910,news_078622,news_017193,news_044250,news_054885,news_057241,news_066650,news_045571,news_096220,news_044151,news_007458,news_015341,news_058880,news_003463,news_008196,news_005130,news_027772,news_063310,news_086489,news_023177,news_056750,news_040501,news_088058,news_032092,news_026140,news_020116,news_078248,news_073829,news_080646,news_003963,news_020486,news_044916,news_074060,news_081546,news_019279,news_016705,news_027917,news_059005,news_055312,news_078437,news_089977,news_062054,news_005395,news_024926,news_071647,news_052116,news_036242,news_030486,news_068588,news_047510,news_030443,news_023990,news_096667,news_005353,news_097392,news_089903,news_098171,news_031385,news_010508,news_051598,news_029153,news_076927,news_027307,news_028585,news_037723,news_025912,news_099801,news_055087,news_080644,news_092217,news_067177,news_034248,news_046785,news_090281,news_031605,news_046093,news_035352,news_037214,news_023081,news_073707,news_003815,news_047481,news_018075,news_008870,news_057886,news_018962,news_080977,news_043502,news_085499,news_036782,news_082639,news_083005,news_045271,news_074212,news_063085,news_005095,news_075522,news_024351,news_041156,news_026124,news_008761,news_047757,news_001688,news_027514,news_028820,news_033349,news_090939,news_009932,news_043386,news_090533,news_023635,news_072894,news_005448,news_063376,news_071097,news_095810,news_002077,news_023460,news_056235,news_073130,news_081435,news_061632,news_044874,news_072765,news_003777,news_057214,news_074948,news_002408,news_036669,news_028218,news_019650,news_089145,news_034559,news_086425,news_046730,news_054995,news_045020,news_083004,news_032457,news_017650,news_040817,news_068176,news_023600,news_014805,news_050799,news_017436,news_019181,news_025907,news_013416,news_012339,news_083909,news_083281,news_043837,news_066291,news_001898,news_032037,news_058753,news_033990,news_021267,news_030746,news_039179,news_071235,news_097570,news_002831,news_005571,news_004722,news_029848,news_080841,news_061306,news_073704,news_080553,news_072202,news_006663,news_064137,news_002362,news_087657,news_021997,news_027645,news_090109,news_075023,news_049947,news_001581,news_096817,news_065054,news_014525,news_070894,news_093035,news_036063,news_088259,news_084655,news_088342,news_082347,news_083914,news_081975,news_097420,news_000918,news_046704,news_075054,news_072587,news_008671,news_064308,news_087145,news_084065,news_055694,news_016611,news_008963,news_086997,news_031191,news_083107,news_053157,news_023662,news_072662,news_027326,news_099777,news_083359,news_002170,news_054957,news_035504,news_057583,news_009184,news_024118,news_082597,news_044123,news_060332,news_036870,news_084625,news_097638,news_041010,news_068562,news_009283,news_077467,news_099633,news_056453,news_005908,news_045624,news_080628,news_089449,news_041284,news_066208,news_030125,news_076288,news_038990,news_060045,news_089929,news_071208,news_084533,news_051402,news_012192,news_026503,news_002397,news_083406,news_041504,news_056008,news_097170,news_028399,news_007250,news_078333,news_090969,news_011770,news_033023,news_043387,news_019833,news_081216,news_003510,news_064218,news_061098
